distancia_km,numero_estaciones,numero_transbordos,nivel_congestion,tiempo_estimado_min,costo_estimado,hora,hora_pico,ruta_recomendada,cluster
8.0,6,0,1,20,15.0,07:30,1,1,1
10.0,7,1,2,28,20.0,08:15,1,1,1
12.0,8,1,2,35,25.0,10:30,0,1,1
15.0,9,1,3,42,30.0,17:45,1,1,1
18.0,11,2,3,50,35.0,18:20,1,1,1
20.0,12,2,4,58,40.0,11:00,0,0,0
22.0,13,2,4,65,45.0,14:15,0,0,0
25.0,15,3,5,80,60.0,16:30,1,0,0
7.0,5,0,1,18,12.0,06:45,1,1,1
9.0,6,0,2,24,16.0,12:10,0,1,1
14.0,10,1,2,38,28.0,09:20,0,1,1
16.0,11,2,3,46,34.0,17:10,1,1,1
21.0,13,2,4,62,44.0,19:00,1,0,0
24.0,14,3,5,75,55.0,13:40,0,0,0
28.0,16,3,5,88,65.0,20:15,0,0,0
6.0,4,0,1,15,10.0,07:05,1,1,1
11.0,7,1,2,30,22.0,10:50,0,1,1
17.0,10,2,3,48,36.0,15:30,0,1,1
23.0,14,3,4,70,50.0,18:45,1,0,0
30.0,18,4,5,95,70.0,21:00,0,0,0
22.3,12,1,2,68,46.8,12:15,0,0,0
16.4,8,0,1,44,36.8,21:00,0,1,1
23.9,14,2,2,74,53.3,13:00,0,0,0
10.8,7,0,3,34,25.1,17:10,1,1,1
12.1,6,0,4,40,30.1,08:45,1,1,1
14.8,8,0,3,48,34.7,12:30,0,1,1
28.4,16,3,3,90,67.3,16:15,1,0,0
22.5,14,2,3,73,50.8,12:15,0,0,0
30.0,18,3,2,93,66.7,15:00,0,0,0
10.7,8,2,3,44,30.8,15:20,0,1,1
29.7,17,3,2,93,66.7,12:30,0,0,0
31.9,17,3,2,95,69.5,06:10,1,0,0
23.4,14,2,4,74,54.7,19:30,0,0,0
23.4,14,2,2,72,51.8,15:10,0,0,0
5.1,4,0,2,19,17.6,21:15,0,1,1
18.7,10,1,2,57,42.5,10:00,0,1,1
8.0,4,1,4,36,21.7,14:20,0,1,1
18.1,9,2,3,61,46.5,09:15,0,0,1
9.5,6,0,2,30,23.0,11:20,0,1,1
29.3,17,2,3,87,64.1,07:40,1,0,0
20.9,11,2,4,69,49.2,06:20,1,0,0
12.5,7,1,2,42,33.2,20:20,0,1,1
10.1,5,0,2,31,27.1,18:45,1,1,1
7.7,4,0,4,26,20.7,08:20,1,1,1
8.8,4,0,4,28,23.2,07:50,1,1,1
19.6,10,0,1,51,41.2,12:15,0,1,1
28.3,18,3,2,90,64.5,05:45,0,0,0
30.8,20,4,4,103,70.7,20:15,0,0,0
6.6,5,0,3,27,18.7,15:00,0,1,1
6.5,4,0,4,27,17.1,07:10,1,1,1
8.2,6,0,2,26,23.5,06:10,1,1,1
10.5,7,0,4,38,24.4,17:15,1,1,1
13.5,9,0,3,41,32.8,19:10,0,1,1
28.8,18,3,3,96,66.8,10:50,0,0,0
21.5,14,3,3,78,51.8,05:30,0,0,0
29.0,18,3,2,93,64.7,14:20,0,0,0
22.1,12,2,2,66,50.4,06:10,1,0,0
8.5,7,0,1,26,19.9,19:45,0,1,1
30.5,19,3,3,95,67.8,06:40,1,0,0
29.3,18,4,3,100,70.3,16:20,1,0,0
14.5,9,2,4,57,39.9,09:20,0,0,1
5.7,4,0,2,18,18.4,18:20,1,1,1
7.9,6,1,3,31,25.1,12:20,0,1,1
11.1,5,0,1,32,28.8,15:30,0,1,1
12.5,8,1,3,47,30.1,22:40,0,1,1
31.0,17,2,3,95,65.9,18:40,1,0,0
21.4,13,2,3,70,51.6,11:30,0,0,0
23.5,15,3,3,80,58.8,11:40,0,0,0
29.9,18,4,2,97,71.5,08:30,1,0,0
20.0,11,2,3,67,46.6,17:15,1,0,0
19.8,10,1,2,56,44.3,18:40,1,1,1
29.3,18,3,4,97,67.3,07:30,1,0,0
14.1,10,2,3,49,39.7,14:20,0,1,1
21.5,14,2,2,69,48.9,11:45,0,0,0
22.7,12,2,4,76,52.1,08:45,1,0,0
20.0,13,1,4,66,47.2,09:50,0,0,0
21.1,14,3,3,77,53.5,21:45,0,0,0
17.8,10,1,1,53,39.8,13:50,0,1,1
7.1,4,0,3,26,20.5,15:10,0,1,1
6.7,4,0,4,24,18.3,18:00,1,1,1
29.4,18,4,4,103,71.4,17:50,1,0,0
30.7,18,4,2,100,70.8,22:20,0,0,0
18.1,10,2,4,66,44.4,17:15,1,0,0
29.5,18,4,2,94,69.6,07:45,1,0,0
6.4,4,0,2,23,19.9,15:40,0,1,1
11.8,6,0,2,38,26.9,22:00,0,1,1
22.6,14,3,2,73,53.1,05:20,0,0,0
23.1,14,2,3,72,53.6,13:40,0,0,0
25.2,14,3,1,79,61.5,14:10,0,0,0
15.1,11,1,1,48,35.2,12:10,0,1,1
23.5,15,3,2,75,57.3,06:40,1,0,0
5.3,4,0,3,22,17.9,18:40,1,1,1
24.1,14,3,1,77,56.7,13:50,0,0,0
11.6,8,0,3,39,27.6,19:20,0,1,1
23.0,13,2,2,70,51.7,15:15,0,0,0
21.1,14,2,2,65,50.6,21:20,0,0,0
18.2,12,2,3,60,45.4,20:50,0,0,0
13.3,8,1,2,42,34.3,21:40,0,1,1
13.9,9,1,3,44,34.3,13:20,0,1,1
25.6,14,2,3,82,59.8,20:30,0,0,0
19.2,11,1,2,54,43.6,11:30,0,1,1
12.4,9,1,3,41,29.1,09:50,0,1,1
12.7,8,0,4,44,28.7,06:30,1,1,1
7.0,5,0,2,20,18.0,09:30,0,1,1
20.1,12,2,1,65,50.2,12:45,0,0,0
13.2,8,1,4,48,31.7,08:20,1,1,1
7.2,4,0,1,20,17.3,10:00,0,1,1
12.8,7,1,4,48,33.6,07:20,1,1,1
21.9,14,3,2,77,55.4,18:10,1,0,0
6.9,4,0,2,20,20.0,14:50,0,1,1
23.9,16,3,3,81,56.3,20:50,0,0,0
11.8,6,1,3,41,31.8,05:30,0,1,1
9.7,6,0,3,34,26.3,13:15,0,1,1
17.7,10,1,3,55,41.7,08:15,1,0,1
12.8,9,2,2,45,37.4,22:00,0,1,1
15.9,10,2,3,55,38.9,22:50,0,1,1
14.8,10,2,3,52,40.4,06:20,1,0,1
18.1,9,1,3,55,39.0,12:15,0,1,1
16.0,9,2,5,58,42.8,08:50,1,0,1
12.9,8,1,2,40,32.6,20:50,0,1,1
15.4,11,2,2,53,41.7,09:10,0,1,1
18.7,12,1,4,64,42.3,14:50,0,0,1
18.1,10,2,5,69,43.0,17:50,1,0,0
15.3,10,1,2,50,38.1,15:50,0,1,1
15.4,10,2,3,58,38.7,09:50,0,0,1
7.7,6,0,3,29,20.0,19:00,1,1,1
22.7,12,2,2,67,51.5,13:40,0,0,0
23.2,14,3,2,77,54.7,20:00,0,0,0
23.5,13,1,5,77,48.9,07:45,1,0,0
9.5,5,0,2,27,23.0,15:00,0,1,1
8.9,6,0,3,29,23.5,10:15,0,1,1
18.4,11,1,3,57,39.5,13:50,0,0,1
26.7,17,3,2,87,62.8,10:10,0,0,0
16.5,9,2,3,59,39.5,11:45,0,0,1
15.3,9,1,4,51,36.9,14:00,0,1,1
23.5,15,2,2,76,52.4,20:30,0,0,0
26.7,15,2,1,80,58.4,13:15,0,0,0
16.9,10,2,2,55,41.8,07:30,1,0,1
10.4,7,1,4,43,27.9,16:30,1,1,1
26.8,17,3,3,92,60.5,08:50,1,0,0
31.1,20,4,4,105,70.7,17:40,1,0,0
15.0,10,1,4,50,34.7,17:40,1,0,1
5.7,5,0,2,22,17.7,12:10,0,1,1
8.2,4,0,2,22,23.3,20:10,0,1,1
8.7,5,0,1,27,23.0,22:45,0,1,1
27.5,17,4,2,93,64.9,13:00,0,0,0
17.0,9,1,4,59,41.8,16:40,1,0,1
27.3,15,2,3,86,59.1,05:00,0,0,0
8.4,5,0,1,22,23.1,22:20,0,1,1
26.3,16,2,2,81,60.1,09:15,0,0,0
8.0,6,0,3,26,19.1,16:20,1,1,1
16.4,8,0,2,46,33.7,19:40,0,1,1
18.6,13,1,1,52,42.2,21:30,0,1,1
15.8,10,1,3,55,36.6,19:10,0,1,1
9.0,4,0,2,25,22.8,22:40,0,1,1
16.6,11,1,3,54,40.8,22:20,0,1,1
16.2,11,1,2,50,36.4,08:40,1,1,1
29.9,16,3,4,94,68.9,07:45,1,0,0
26.9,16,3,2,89,64.7,22:40,0,0,0
16.4,11,1,2,51,38.9,14:30,0,1,1
10.7,7,0,4,39,26.1,08:40,1,1,1
26.8,17,4,2,91,65.9,22:00,0,0,0
23.7,12,1,2,66,52.1,14:40,0,0,0
6.9,5,1,4,30,21.6,07:20,1,1,1
9.3,5,0,4,29,21.2,07:00,1,1,1
17.0,10,1,5,57,39.6,18:30,1,0,1
14.3,7,1,3,47,32.4,20:30,0,1,1
13.1,7,0,3,39,27.5,13:30,0,1,1
25.2,14,2,4,78,54.3,12:40,0,0,0
29.9,19,4,4,101,70.1,17:45,1,0,0
