distancia_km,numero_estaciones,numero_transbordos,nivel_congestion,tiempo_estimado_min,costo_estimado,hora,hora_pico,ruta_recomendada
8,6,0,1,20,15,07:30,1,1
10,7,1,2,28,20,08:15,1,1
12,8,1,2,35,25,10:30,0,1
15,9,1,3,42,30,17:45,1,1
18,11,2,3,50,35,18:20,1,1
20,12,2,4,58,40,11:00,0,0
22,13,2,4,65,45,14:15,0,0
25,15,3,5,80,60,16:30,1,0
7,5,0,1,18,12,06:45,1,1
9,6,0,2,24,16,12:10,0,1
14,10,1,2,38,28,09:20,0,1
16,11,2,3,46,34,17:10,1,1
21,13,2,4,62,44,19:00,1,0
24,14,3,5,75,55,13:40,0,0
28,16,3,5,88,65,20:15,0,0
6,4,0,1,15,10,07:05,1,1
11,7,1,2,30,22,10:50,0,1
17,10,2,3,48,36,15:30,0,1
23,14,3,4,70,50,18:45,1,0
30,18,4,5,95,70,21:00,0,0